domain,email,tier,source,all_sources
abacum.ai,sales@abacum.ai,C-gen,https://abacum.ai/contact-us,https://abacum.ai/contact-us
abacum.ai,support@abacum.ai,C-gen,https://abacum.ai/contact-us,https://abacum.ai/contact-us
accessowl.com,support@accessowl.com,C-gen,https://accessowl.com/contact,https://accessowl.com/contact
aneon.at,info@aneon.at,C-gen,https://aneon.at/contact,https://aneon.at/contact|https://aneon.at/about
are.na,help@are.na,C-gen,https://are.na/about,https://are.na/about
aurelian.com,contact@aurelian.com,C-gen,https://aurelian.com/contact,https://aurelian.com/contact|https://aurelian.com/contact-us|https://aurelian.com/security|https://aurelian.com/about
beachbossinfluencers.com,support@beachbossinfluencers.com,C-gen,https://beachbossinfluencers.com/contact-us,https://beachbossinfluencers.com/contact-us
bellwetherit.com,sales@bellwetherit.com,C-gen,https://bellwetherit.com/contact,https://bellwetherit.com/contact|https://bellwetherit.com/contact-us|https://bellwetherit.com/security|https://bellwetherit.com/about
bluegamma.io,support@bluegamma.io,C-gen,https://bluegamma.io/contact,https://bluegamma.io/contact
callpercy.com,info@callpercy.com,C-gen,https://callpercy.com/about,https://callpercy.com/about
campcation.com,info@campcation.com,C-gen,https://campcation.com/contact,https://campcation.com/contact
contentful.com,support@contentful.com,C-gen,https://contentful.com/security,https://contentful.com/security
demostack.com,support@demostack.com,C-gen,https://demostack.com/contact-us,https://demostack.com/contact-us
falconfeeds.io,support@falconfeeds.io,C-gen,https://falconfeeds.io/contact,https://falconfeeds.io/contact
firstlook.gg,contact@firstlook.gg,C-gen,https://firstlook.gg/contact,https://firstlook.gg/contact
friday.nl,info@friday.nl,C-gen,https://friday.nl/contact,https://friday.nl/contact
gpbullhound.com,hello.sf@gpbullhound.com,C-gen,https://gpbullhound.com/about,https://gpbullhound.com/about
gpbullhound.com,hello.nyc@gpbullhound.com,C-gen,https://gpbullhound.com/about,https://gpbullhound.com/about
gpbullhound.com,hello.london@gpbullhound.com,C-gen,https://gpbullhound.com/about,https://gpbullhound.com/about
gpbullhound.com,hello.manchester@gpbullhound.com,C-gen,https://gpbullhound.com/about,https://gpbullhound.com/about
gpbullhound.com,hello.stockholm@gpbullhound.com,C-gen,https://gpbullhound.com/about,https://gpbullhound.com/about
gpbullhound.com,hello.paris@gpbullhound.com,C-gen,https://gpbullhound.com/about,https://gpbullhound.com/about
gpbullhound.com,hello.berlin@gpbullhound.com,C-gen,https://gpbullhound.com/about,https://gpbullhound.com/about
gpbullhound.com,hello.frankfurt@gpbullhound.com,C-gen,https://gpbullhound.com/about,https://gpbullhound.com/about
gpbullhound.com,hello.madrid@gpbullhound.com,C-gen,https://gpbullhound.com/about,https://gpbullhound.com/about
gpbullhound.com,hello.malaga@gpbullhound.com,C-gen,https://gpbullhound.com/about,https://gpbullhound.com/about
gpbullhound.com,hello.kl@gpbullhound.com,C-gen,https://gpbullhound.com/about,https://gpbullhound.com/about
grafana.com,info@grafana.com,C-gen,https://grafana.com/contact,https://grafana.com/contact|https://grafana.com/contact-us
hellobonsai.com,support@hellobonsai.com,C-gen,https://hellobonsai.com/about,https://hellobonsai.com/about
homeric.ai,info@homeric.ai,C-gen,https://homeric.ai/contact-us,https://homeric.ai/contact-us
hostingb2b.com,sales@hostingb2b.com,C-gen,https://hostingb2b.com/contact-us,https://hostingb2b.com/contact-us|https://hostingb2b.com/security
hostingb2b.com,admin@hostingb2b.com,C-gen,https://hostingb2b.com/contact-us,https://hostingb2b.com/contact-us|https://hostingb2b.com/security
icustomer.ai,hello@icustomer.ai,C-gen,https://icustomer.ai/contact,https://icustomer.ai/contact
icustomer.ai,info@icustomer.ai,C-gen,https://icustomer.ai/contact,https://icustomer.ai/contact|https://icustomer.ai/about
instantdb.com,hello@instantdb.com,C-gen,https://instantdb.com/about,https://instantdb.com/about
kadoa.com,support@kadoa.com,C-gen,https://kadoa.com/contact,https://kadoa.com/contact
kubit.ai,support@kubit.ai,C-gen,https://kubit.ai/about,https://kubit.ai/about
kubit.ai,sales@kubit.ai,C-gen,https://kubit.ai/about,https://kubit.ai/about
layer.team,help@layer.team,C-gen,https://layer.team/security,https://layer.team/security
manossoftware.com,info@manossoftware.com,C-gen,https://manossoftware.com/contact,https://manossoftware.com/contact
marvinrecruiter.com,contact@marvinrecruiter.com,C-gen,https://marvinrecruiter.com/security,https://marvinrecruiter.com/security
materialsmarket.com,theteam@materialsmarket.com,C-gen,https://materialsmarket.com/contact-us,https://materialsmarket.com/contact-us|https://materialsmarket.com/about
mindmeister.com,press@mindmeister.com,C-gen,https://mindmeister.com/about,https://mindmeister.com/about
musixmatch.com,press@musixmatch.com,C-gen,https://musixmatch.com/about,https://musixmatch.com/about
novopsych.com,info@novopsych.com,C-gen,https://novopsych.com/contact-us,https://novopsych.com/contact-us|https://novopsych.com/about
oncrawl.com,nhello@oncrawl.com,C-gen,https://oncrawl.com/about,https://oncrawl.com/about
onepeloton.com,support@onepeloton.com,C-gen,https://onepeloton.com/security,https://onepeloton.com/security
onepeloton.com,privacy@onepeloton.com,C-gen,https://onepeloton.com/security,https://onepeloton.com/security
onyxplatform.com,info@onyxplatform.com,C-gen,https://onyxplatform.com/contact,https://onyxplatform.com/contact
passcreator.com,hello@passcreator.com,C-gen,https://passcreator.com/contact,https://passcreator.com/contact|https://passcreator.com/contact-us|https://passcreator.com/security|https://passcreator.com/about
paytrail.com,sales@paytrail.com,C-gen,https://paytrail.com/contact,https://paytrail.com/contact
pointfive.co,info@pointfive.co,C-gen,https://pointfive.co/contact,https://pointfive.co/contact
pricehubble.com,contact@pricehubble.com,C-gen,https://pricehubble.com/contact,https://pricehubble.com/contact
print.com,hello@print.com,C-gen,https://print.com/contact,https://print.com/contact
print.com,info@print.com,C-gen,https://print.com/contact,https://print.com/contact
print.com,contact@print.com,C-gen,https://print.com/contact,https://print.com/contact
prizm-energy.com,info@prizm-energy.com,C-gen,https://prizm-energy.com/contact,https://prizm-energy.com/contact|https://prizm-energy.com/contact-us
product.ai,contact@product.ai,C-gen,https://product.ai/about,https://product.ai/about
product.ai,press@product.ai,C-gen,https://product.ai/about,https://product.ai/about
propeller.co.uk,info@propeller.co.uk,C-gen,https://propeller.co.uk/contact,https://propeller.co.uk/contact|https://propeller.co.uk/about
propeller.co.uk,u003einfo@propeller.co.uk,C-gen,https://propeller.co.uk/contact,https://propeller.co.uk/contact
pulsegen.io,contact@pulsegen.io,C-gen,https://pulsegen.io/about,https://pulsegen.io/about
recurly.com,sales@recurly.com,C-gen,https://recurly.com/contact-us,https://recurly.com/contact-us
recurly.com,emeasales@recurly.com,C-gen,https://recurly.com/contact-us,https://recurly.com/contact-us
reg-genome.com,info@reg-genome.com,C-gen,https://reg-genome.com/contact,https://reg-genome.com/contact
reversinglabs.com,support@reversinglabs.com,C-gen,https://reversinglabs.com/contact-us,https://reversinglabs.com/contact-us
revisiondojo.com,hello@revisiondojo.com,C-gen,https://revisiondojo.com/contact,https://revisiondojo.com/contact|https://revisiondojo.com/contact-us|https://revisiondojo.com/security|https://revisiondojo.com/about
risepeople.com,media@risepeople.com,C-gen,https://risepeople.com/contact,https://risepeople.com/contact
risepeople.com,info@risepeople.com,C-gen,https://risepeople.com/contact,https://risepeople.com/contact|https://risepeople.com/security
rudderstack.com,support@rudderstack.com,C-gen,https://rudderstack.com/contact,https://rudderstack.com/contact|https://rudderstack.com/contact-us
rudderstack.com,privacy@rudderstack.com,C-gen,https://rudderstack.com/contact,https://rudderstack.com/contact|https://rudderstack.com/contact-us
scienceofpeople.com,support@scienceofpeople.com,C-gen,https://scienceofpeople.com/contact,https://scienceofpeople.com/contact|https://scienceofpeople.com/about
searchunify.com,info@searchunify.com,C-gen,https://searchunify.com/contact,https://searchunify.com/contact|https://searchunify.com/contact-us|https://searchunify.com/security
searchunify.com,sales@searchunify.com,C-gen,https://searchunify.com/contact,https://searchunify.com/contact|https://searchunify.com/contact-us|https://searchunify.com/security
seismic.com,support@seismic.com,C-gen,https://seismic.com/contact,https://seismic.com/contact
seismic.com,u003esupport@seismic.com,C-gen,https://seismic.com/contact,https://seismic.com/contact
sensolus.com,info@sensolus.com,C-gen,https://sensolus.com/contact,https://sensolus.com/contact|https://sensolus.com/contact-us|https://sensolus.com/security|https://sensolus.com/about
seven.io,support@seven.io,C-gen,https://seven.io/contact-us,https://seven.io/contact-us
shaped.ai,contact@shaped.ai,C-gen,https://shaped.ai/contact,https://shaped.ai/contact
shiftcare.com,sales@shiftcare.com,C-gen,https://shiftcare.com/contact,https://shiftcare.com/contact|https://shiftcare.com/contact-us
shoott.com,info@shoott.com,C-gen,https://shoott.com/contact,https://shoott.com/contact
sonraisecurity.com,info@sonraisecurity.com,C-gen,https://sonraisecurity.com/contact,https://sonraisecurity.com/contact|https://sonraisecurity.com/contact-us
source.ag,info@source.ag,C-gen,https://source.ag/contact,https://source.ag/contact
springbokproperties.co.uk,press@springbokproperties.co.uk,C-gen,https://springbokproperties.co.uk/contact-us,https://springbokproperties.co.uk/contact-us
storehero.ai,hello@storehero.ai,C-gen,https://storehero.ai/contact,https://storehero.ai/contact|https://storehero.ai/about
strobes.co,hello@strobes.co,C-gen,https://strobes.co/contact,https://strobes.co/contact
strobes.co,u003ehello@strobes.co,C-gen,https://strobes.co/contact,https://strobes.co/contact
tamarind.bio,info@tamarind.bio,C-gen,https://tamarind.bio/contact,https://tamarind.bio/contact
taxdone.ch,contact@taxdone.ch,C-gen,https://taxdone.ch/contact,https://taxdone.ch/contact
teamcentral.ai,contact@teamcentral.ai,C-gen,https://teamcentral.ai/contact,https://teamcentral.ai/contact|https://teamcentral.ai/contact-us
thrad.ai,contact@thrad.ai,C-gen,https://thrad.ai/about,https://thrad.ai/about
tracklution.com,hello@tracklution.com,C-gen,https://tracklution.com/about,https://tracklution.com/about
tradestation.com,sales@tradestation.com,C-gen,https://tradestation.com/contact-us,https://tradestation.com/contact-us
tradestation.com,institutionalsales@tradestation.com,C-gen,https://tradestation.com/contact-us,https://tradestation.com/contact-us
tradestation.com,u003esales@tradestation.com,C-gen,https://tradestation.com/contact-us,https://tradestation.com/contact-us
tricera.energy,info@tricera.energy,C-gen,https://tricera.energy/contact,https://tricera.energy/contact|https://tricera.energy/about
useanvil.com,hello@useanvil.com,C-gen,https://useanvil.com/about,https://useanvil.com/about
visiblie.com,support@visiblie.com,C-gen,https://visiblie.com/contact,https://visiblie.com/contact|https://visiblie.com/about
visiblie.com,sales@visiblie.com,C-gen,https://visiblie.com/contact,https://visiblie.com/contact|https://visiblie.com/about
visitingmedia.com,hello@visitingmedia.com,C-gen,https://visitingmedia.com/contact,https://visitingmedia.com/contact
visitingmedia.com,support@visitingmedia.com,C-gen,https://visitingmedia.com/contact-us,https://visitingmedia.com/contact-us
visitingmedia.com,sales@visitingmedia.com,C-gen,https://visitingmedia.com/contact-us,https://visitingmedia.com/contact-us
vondera.app,info@vondera.app,C-gen,https://vondera.app/contact,https://vondera.app/contact|https://vondera.app/about
warmlyyours.com,info@warmlyyours.com,C-gen,https://warmlyyours.com/contact,https://warmlyyours.com/contact
whaller.com,contact@whaller.com,C-gen,https://whaller.com/contact,https://whaller.com/contact|https://whaller.com/about
whodunit.fr,hello@whodunit.fr,C-gen,https://whodunit.fr/contact,https://whodunit.fr/contact
whodunit.fr,support@whodunit.fr,C-gen,https://whodunit.fr/contact,https://whodunit.fr/contact
wrld.tech,contact@wrld.tech,C-gen,https://wrld.tech/contact,https://wrld.tech/contact
wrld.tech,helpdesk@wrld.tech,C-gen,https://wrld.tech/contact,https://wrld.tech/contact
alpic.ai,pierre-lous@alpic.ai,C-other,https://alpic.ai/about,https://alpic.ai/about
alpic.ai,fred@alpic.ai,C-other,https://alpic.ai/about,https://alpic.ai/about
alpic.ai,nikolay@alpic.ai,C-other,https://alpic.ai/about,https://alpic.ai/about
alpic.ai,erica@alpic.ai,C-other,https://alpic.ai/about,https://alpic.ai/about
alpic.ai,charles@alpic.ai,C-other,https://alpic.ai/about,https://alpic.ai/about
antler.co,rike@antler.co,C-other,https://antler.co/about,https://antler.co/about
are.na,everyone@are.na,C-other,https://are.na/about,https://are.na/about
beachbossinfluencers.com,tech@beachbossinfluencers.com,C-other,https://beachbossinfluencers.com/contact-us,https://beachbossinfluencers.com/contact-us
bluegamma.io,johndoe@bluegamma.io,C-other,https://bluegamma.io/contact,https://bluegamma.io/contact
brevo.com,zendesk-box@brevo.com,C-other,https://brevo.com/contact,https://brevo.com/contact
campcation.com,partners@campcation.com,C-other,https://campcation.com/contact,https://campcation.com/contact
campcation.com,u003epartners@campcation.com,C-other,https://campcation.com/contact,https://campcation.com/contact
databox.com,hi@databox.com,C-other,https://databox.com/about,https://databox.com/about
databox.com,jobs@databox.com,C-other,https://databox.com/about,https://databox.com/about
falconfeeds.io,partners@falconfeeds.io,C-other,https://falconfeeds.io/contact,https://falconfeeds.io/contact
fastweigh.com,careers@fastweigh.com,C-other,https://fastweigh.com/about,https://fastweigh.com/about
fiber.ai,adi@fiber.ai,C-other,https://fiber.ai/about,https://fiber.ai/about
friday.nl,mart.hamhuis@friday.nl,C-other,https://friday.nl/contact,https://friday.nl/contact
fundify.com,partners@fundify.com,C-other,https://fundify.com/about,https://fundify.com/about
grafana.com,partners@grafana.com,C-other,https://grafana.com/contact,https://grafana.com/contact|https://grafana.com/contact-us
grafana.com,events@grafana.com,C-other,https://grafana.com/about,https://grafana.com/about
icustomer.ai,careers@icustomer.ai,C-other,https://icustomer.ai/contact,https://icustomer.ai/contact|https://icustomer.ai/about
instantdb.com,founders@instantdb.com,C-other,https://instantdb.com/about,https://instantdb.com/about
kubit.ai,careers@kubit.ai,C-other,https://kubit.ai/about,https://kubit.ai/about
layer.team,jane@layer.team,C-other,https://layer.team/contact,https://layer.team/contact
manossoftware.com,joe@manossoftware.com,C-other,https://manossoftware.com/contact,https://manossoftware.com/contact
moonlit.ai,nextround@moonlit.ai,C-other,https://moonlit.ai/contact,https://moonlit.ai/contact|https://moonlit.ai/about
oncrawl.com,jobs@oncrawl.com,C-other,https://oncrawl.com/about,https://oncrawl.com/about
onepeloton.com,secure@onepeloton.com,C-other,https://onepeloton.com/security,https://onepeloton.com/security
onepeloton.com,taxexempt@onepeloton.com,C-other,https://onepeloton.com/security,https://onepeloton.com/security
optimizely.com,john.doe@optimizely.com,C-other,https://optimizely.com/contact,https://optimizely.com/contact|https://optimizely.com/contact-us
payouts.com,careers@payouts.com,C-other,https://payouts.com/about,https://payouts.com/about
paytrail.com,partners@paytrail.com,C-other,https://paytrail.com/contact,https://paytrail.com/contact
paytrail.com,kumppanit@paytrail.com,C-other,https://paytrail.com/contact,https://paytrail.com/contact
paytrail.com,marketing@paytrail.com,C-other,https://paytrail.com/contact,https://paytrail.com/contact
paytrail.com,finance@paytrail.com,C-other,https://paytrail.com/contact,https://paytrail.com/contact
paytrail.com,online-exclusive@paytrail.com,C-other,https://paytrail.com/contact,https://paytrail.com/contact
pricehubble.com,elisa.clerici@pricehubble.com,C-other,https://pricehubble.com/contact,https://pricehubble.com/contact
print.com,welkom@print.com,C-other,https://print.com/contact,https://print.com/contact
print.com,willkommen@print.com,C-other,https://print.com/contact,https://print.com/contact
print.com,be@print.com,C-other,https://print.com/contact,https://print.com/contact
print.com,servus@print.com,C-other,https://print.com/contact,https://print.com/contact
print.com,hola@print.com,C-other,https://print.com/contact,https://print.com/contact
print.com,velkommen@print.com,C-other,https://print.com/contact,https://print.com/contact
print.com,crew@print.com,C-other,https://print.com/about,https://print.com/about
product.ai,partners@product.ai,C-other,https://product.ai/about,https://product.ai/about
recurly.com,hr@recurly.com,C-other,https://recurly.com/contact-us,https://recurly.com/contact-us
reg-genome.com,product@reg-genome.com,C-other,https://reg-genome.com/contact,https://reg-genome.com/contact
reversinglabs.com,corporate@reversinglabs.com,C-other,https://reversinglabs.com/contact-us,https://reversinglabs.com/contact-us
rudderstack.com,billing@rudderstack.com,C-other,https://rudderstack.com/contact,https://rudderstack.com/contact|https://rudderstack.com/contact-us
sanka.com,hey@sanka.com,C-other,https://sanka.com/about,https://sanka.com/about
savecall.de,kontakt@savecall.de,C-other,https://savecall.de/contact,https://savecall.de/contact|https://savecall.de/security
savecall.de,bookingsstcvertrieb@savecall.de,C-other,https://savecall.de/contact,https://savecall.de/contact|https://savecall.de/security
seismic.com,asktalent@seismic.com,C-other,https://seismic.com/contact,https://seismic.com/contact
seismic.com,u003easktalent@seismic.com,C-other,https://seismic.com/contact,https://seismic.com/contact
techpromarketing.com,bernie@techpromarketing.com,C-other,https://techpromarketing.com/contact,https://techpromarketing.com/contact
techpromarketing.com,mike@techpromarketing.com,C-other,https://techpromarketing.com/contact,https://techpromarketing.com/contact
tradestation.com,international@tradestation.com,C-other,https://tradestation.com/contact-us,https://tradestation.com/contact-us
tradestation.com,businessdevelopment@tradestation.com,C-other,https://tradestation.com/contact-us,https://tradestation.com/contact-us
tradestation.com,clientexperience@tradestation.com,C-other,https://tradestation.com/contact-us,https://tradestation.com/contact-us
tradestation.com,u003einternational@tradestation.com,C-other,https://tradestation.com/contact-us,https://tradestation.com/contact-us
tradestation.com,u003ebusinessdevelopment@tradestation.com,C-other,https://tradestation.com/contact-us,https://tradestation.com/contact-us
triplewhale.com,maggie_h@triplewhale.com,C-other,https://triplewhale.com/about,https://triplewhale.com/about
vantage.sh,jobs@vantage.sh,C-other,https://vantage.sh/about,https://vantage.sh/about
vendon.net,vendon@vendon.net,C-other,https://vendon.net/contact-us,https://vendon.net/contact-us
vigilatevision.com,web@vigilatevision.com,C-other,https://vigilatevision.com/contact,https://vigilatevision.com/contact|https://vigilatevision.com/contact-us|https://vigilatevision.com/security|https://vigilatevision.com/about
visiblie.com,marketing@visiblie.com,C-other,https://visiblie.com/contact,https://visiblie.com/contact|https://visiblie.com/about
visiblie.com,gilles@visiblie.com,C-other,https://visiblie.com/about,https://visiblie.com/about
visiblie.com,domien@visiblie.com,C-other,https://visiblie.com/about,https://visiblie.com/about
visitingmedia.com,people@visitingmedia.com,C-other,https://visitingmedia.com/contact,https://visitingmedia.com/contact|https://visitingmedia.com/contact-us
visitingmedia.com,communication@visitingmedia.com,C-other,https://visitingmedia.com/contact-us,https://visitingmedia.com/contact-us
vondera.app,shreef@vondera.app,C-other,https://vondera.app/contact,https://vondera.app/contact|https://vondera.app/about
vondera.app,store@vondera.app,C-other,https://vondera.app/contact,https://vondera.app/contact|https://vondera.app/about
wikifarmer.com,library@wikifarmer.com,C-other,https://wikifarmer.com/contact,https://wikifarmer.com/contact
wikifarmer.com,commercial@wikifarmer.com,C-other,https://wikifarmer.com/contact,https://wikifarmer.com/contact
wikifarmer.com,career@wikifarmer.com,C-other,https://wikifarmer.com/contact,https://wikifarmer.com/contact
brevo.com,abuse@brevo.com,C-sec,https://brevo.com/contact,https://brevo.com/contact
convex.dev,security@convex.dev,C-sec,https://convex.dev/security,https://convex.dev/security
mux.com,security@mux.com,C-sec,https://mux.com/security,https://mux.com/security
octolane.com,security@octolane.com,C-sec,https://octolane.com/security,https://octolane.com/security
optimizely.com,securityeng@optimizely.com,C-sec,https://optimizely.com/security,https://optimizely.com/security
optimizely.com,u003esecurityeng@optimizely.com,C-sec,https://optimizely.com/security,https://optimizely.com/security
rudderstack.com,security@rudderstack.com,C-sec,https://rudderstack.com/contact,https://rudderstack.com/contact|https://rudderstack.com/contact-us
vantage.sh,security@vantage.sh,C-sec,https://vantage.sh/security,https://vantage.sh/security
warmlyyours.com,social@warmlyyours.com,C-sec,https://warmlyyours.com/contact,https://warmlyyours.com/contact
waterplan.com,security@waterplan.com,C-sec,https://waterplan.com/security,https://waterplan.com/security
