domain,security_email,score,sources,source_url,snippet
99c.co.za,abuse@99c.co.za,5,direct,https://www.99c.agency/privacy-policy/,"eve we are using your personal information unlawfully, please let us know first (on <a href=""mailto:abuse@99c.co.za"">abuse@99c.co.za</a> or 021 460 5299). You may lodge a complaint to the Information "
agicap.com,bugbounty@agicap.com,5,direct,https://agicap.com/.well-known/security.txt,"Contact: mailto:bugbounty@agicap.com Expires: 2026-12-31T11:59:00Z Policy: https://agicap.com/en/bug-bounty/ Preferred-Languages: en, fr"
airtable.com,security@airtable.com,5,direct,https://airtable.com/.well-known/security.txt,report the # issue on our HackerOne bug bounty program at hackerone.com/airtable or contact # us at security@airtable.com. Contact: security@airtable.com Permission: none Policy: https://hackerone.com
alchemy.com,security@alchemy.com,5,direct,https://www.alchemy.com/security,"tices. If you identified a security issue with Alchemy, please report them through support or email security@alchemy.com.""/><link rel=""canonical"" href=""https://www.alchemy.com/security""/><meta propert"
alloy.app,security@alloy.app,5,direct,https://alloy.app/security,"cumentation. If you have any questions, please don&#x27;t hesitate to contact us at <a href=""mailto:security@alloy.app"">security@alloy.app</a>.</p></section><section><h2>Significant investment in our "
altertable.ai,security@altertable.ai,5,direct,https://altertable.ai/.well-known/security.txt,"ponsibility, and collaboration—so if you find a vulnerability, please let us know. Contact: mailto:security@altertable.ai Policy: https://altertable.ai/security-policy Hiring: https://altertable.ai/ca"
amplitude.com,security@amplitude.com,5,direct,https://amplitude.com/.well-known/security.txt,Contact: https://tracker.bugcrowd.com/amplitude Contact: mailto:security@amplitude.com Policy: https://amplitude.com/docs/faq/security-and-privacy Hiring: https://amplitude.com/careers P
apify.com,security@apify.com,5,direct,https://apify.com/.well-known/security.txt,Policy: https://docs.apify.com/platform/security#vulnerability-disclosure-policy Contact: mailto:security@apify.com Expires: 2035-01-01T00:00:00.000Z Preferred-Languages: en Canonical: https://apify.c
appcues.com,security@appcues.com,5,direct,https://uploads-ssl.webflow.com/5c7d318eeaea1d6e1198d906/66607060ea22b8560dee5e51_security.txt,Contact: mailto:security@appcues.com Expires: 2025-06-05T04:00:00.000Z Preferred-Languages: en Policy: https://trust.appcues.com/
articulate.com,security-disclosure@articulate.com,5,direct,https://www.articulate.com:443/.well-known/security.txt,"wd. # If you believe you've found a security issue and would like to request access, # please email security-disclosure@articulate.com with your: # - Bugcrowd username # - Bugcrowd email address (@bug"
asana.com,security@asana.com,5,direct,https://asana.com/.well-known/security.txt,Contact: https://bugcrowd.com/asana Contact: mailto:security@asana.com Expires: 2026-12-31T23:59:59.000Z Acknowledgments: https://bugcrowd.com/engagements/asana/hall_of_f
ashbyhq.com,security@ashbyhq.com,5,direct,https://www.ashbyhq.com/resources/security,"a security concern, question, or are aware of an incident, please send an email to <a href=""mailto:security@ashbyhq.com"" class=""c-efuyxN c-efuyxN-hJjffa-color-primary"">security@ashbyhq.com</a>, a care"
askable.com,viasecurity@askable.com,5,direct,https://www.askable.com/legal/privacy-policy,concernsabout the security of personal data held by Askable should be reported to us without delay viasecurity@askable.com</p><p><strong>How long we keep your personal data</strong>‍</p><p>We retain y
assembly.com,security@assembly.com,5,direct,https://security.assembly.com/,mprehensive security and compliance details in the Security section of our documentation or contact security@assembly.com with specific questions or requests. NOTE: Documents may reference our old com
atlan.com,security@atlan.com,5,direct,https://atlan.com/.well-known/security.txt,gle.com/forms/d/e/1FAIpQLScnmM81wrEEXA-fX5o8WQxsMUgWy5nZQf8owS6zKzS-yVS8-w/viewform Contact: mailto:security@atlan.com Encryption: https://atlan.com/security/public-key.txt Acknowledgments: https://at
attributionapp.com,security@attributionapp.com,5,direct,https://www.attributionapp.com/terms,"n within 24 hours after learning of any unauthorized use of its account by emailing <a href=""mailto:security@attributionapp.com"">Security@AttributionApp.com.</a></li> <li>3.5.3. Customer agrees to com"
avoma.com,security@avoma.com,5,direct,https://www.avoma.com/security,"ust.avoma.com/"" target=""_blank"">Trust Center</a><br/><br/>Please reach out to us at <a href=""mailto:security@avoma.com"">security@avoma.com</a> with questions. We have a policy of responding to securit"
axiom.co,security@axiom.co,5,direct,https://axiom.co/security,"f exploitability)</li></ul><p class=""pt-4"">To submit a report, please email<!-- --> <a href=""mailto:security@axiom.co"" class=""underline"">security@axiom.co</a></p></div></div><div class=""flex flex-col "
backstory.ai,security@backstory.ai,5,direct,https://www.backstory.ai/privacy,"ge or older. If you believe that we have mistakenly collected such information, please notify us at security@backstory.ai so that we may immediately delete the information.</p><p><strong>9. ADDITIONAL"
betterstack.com,security@betterstack.com,5,direct,https://betterstack.com/security,lose any security concerns.</p> <a class='mt-3 flex items-center group text-[#5B63D3]' href='mailto:security@betterstack.com?subject=Report%20a%20security%20vulnerability&amp;body='> Contact us&nbsp; 
bitrise.io,security@bitrise.io,5,direct,https://bitrise.io/platform/devops/security,"""contactPoint"": { ""@type"": ""ContactPoint"", ""contactType"": ""Security"", ""email"": ""security@bitrise.io"" } }, ""mainEntity"": { ""@type"": ""FAQPage"", ""@id"": ""https://bitrise.io/platform/devo"
bloomreach.com,securityreporting@bloomreach.com,5,direct,https://www.bloomreach.com/security.txt,Contact: mailto:securityreporting@bloomreach.com Expires: 2029-07-23T14:36:00.000Z Preferred-Languages: en
bonuz.market,security@bonuz.market,5,direct,https://bonuz.market/security,"g-white/[0.05] text-white/60 text-xs no-underline hover:bg-white/10 transition-colors"" href=""mailto:security@bonuz.market""><span class=""w-1.5 h-1.5 rounded-full bg-white/40""></span>Contact security te"
bounceinsights.com,security@bounceinsights.com,5,direct,https://bounceinsights.com/.well-known/security.txt,Contact: mailto:security@bounceinsights.com Expires: 2028-02-11T15:00:00.000Z Preferred-Languages: en
brale.xyz,security@brale.xyz,5,direct,https://brale.xyz/.well-known/security.txt,Contact: mailto:security@brale.xyz Expires: 2030-05-15T05:00:00.000Z Encryption: https://keybase.io/brale_security/pgp_keys.asc?finger
browserless.io,security@browserless.io,5,direct,https://www.browserless.io/trust,"e data protection regulations. Privacy-related inquiries can be directed to<!-- --> <a href=""mailto:security@browserless.io"" class=""text-primary hover:underline"">security@browserless.io</a>.</p><h3 cl"
buffer.com,security@buffer.com,5,direct,https://buffer.com/legal,"licate the issue</li></ul><p>Please email any issue you’d like to report to<!-- --> <a href=""mailto:security@buffer.com"">security@buffer.com</a></p><h3 id=""gpg-encryption"">GPG Encryption</h3><p>If you"
buildkite.com,security@buildkite.com,5,direct,https://buildkite.com/about/security/,"y Program </h3> We run a private bug bounty program. We welcome people to join by <a href=""mailto:security@buildkite.com"">contacting us</a>. </li> <li class=""font-sans text-brand-navy-700 dark:text-br"
caffeine.ai,security@caffeine.ai,5,direct,https://caffeine.ai/.well-known/security.txt,Contact: mailto:security@caffeine.ai Expires: 2026-12-11T23:59:00Z Preferred-Languages: en Canonical: https://caffeine.ai/.well-known/se
calendly.com,security@calendly.com,5,direct,https://calendly.com/.well-known/security.txt,Contact: mailto:security@calendly.com Hiring: https://careers.calendly.com Canonical: https://calendly.com/.well-known/security.txt Expir
chariow.com,security@chariow.com,5,direct,https://chariow.com/en,"u discover a security vulnerability in a Chariow system, report it promptly to\"",\""report_email\"":\""security@chariow.com\"",\""report_details\"":\""Include a detailed summary and any supporting evidence ("
clappia.com,security@clappia.com,5,direct,https://www.clappia.com/security,"xploited:</p><ul role=""list""><li>Security researchers can report vulnerabilities by reaching out to security@clappia.com.</li><li>All valid reports are acknowledged within 2–3 business days and triage"
classdojo.com,security@classdojo.com,5,direct,https://www.classdojo.com/.well-known/security.txt,Contact: mailto:security@classdojo.com Expires: 2026-07-01T04:00:00.000Z Encryption: https://www.classdojo.com/contact/ Policy: https://bu
clazar.io,security@clazar.io,5,direct,https://clazar.io/security,"gion"": ""CA"", ""postalCode"": ""94103"", ""addressCountry"": ""US"" }, ""email"": ""security@clazar.io"", ""sameAs"": [ ""https://www.linkedin.com/company/clazar"", ""https://twitter.com"
clerk.chat,security@clerk.chat,5,direct,https://clerk.chat/security/,"a stored?""},{""@type"":""Question"",""acceptedAnswer"":{""@type"":""Answer"",""text"":""Yes. Please reach out to security@clerk.chat and we will get back to you asap.\n""},""name"":""Do you have a formal Business Cont"
commonroom.io,security@commonroom.io,5,direct,https://app.commonroom.io/.well-known/security.txt,Contact: mailto:security@commonroom.io Expires: 2026-12-01T20:00:00.000Z Preferred-Languages: en
copilot.money,security@copilot.money,5,direct,https://copilot.money/.well-known/security.txt,"Contact: mailto:security@copilot.money Acknowledgments: https://copilot.money/security-hall-of-fame Preferred-Languages: en, es Canonical:"
credibledata.com,security@credibledata.com,5,direct,https://credibledata.com/security,"package—including current policies and the auditor's letter once issued—by emailing <a href=""mailto:security@credibledata.com"">security@credibledata.com</a>. Our current <a href=""https://credibledata."
crossbeam.com,security@crossbeam.com,5,direct,https://www.crossbeam.com/what-is-crossbeam/security,"rity and compliance details in the Security section of our documentation or contact <a href=""mailto:security@crossbeam.com"" data-wf-native-id-path=""d30b3b26-cf83-518c-20d6-66b3d3ed80f7"" data-wf-ao-cli"
cumbuca.com,security@cumbuca.com,5,direct,https://www.cumbuca.com/.well-known/security.txt,# Cumbuca security.txt # Responsible disclosure policy # Last updated: 2026-04-24 Contact: mailto:security@cumbuca.com Contact: https://cumbuca.com/contact/ Expires: 2027-04-24T23:59:59.000Z Preferred
dartai.com,security@dartai.com,5,direct,https://www.dartai.com/security,"?"", ""acceptedAnswer"": { ""@type"": ""Answer"", ""text"": ""Contact us at security@dartai.com with any inquiries or reports."" } }, { ""@type"": ""Question"","
datocms.com,security@datocms.com,5,direct,https://www.datocms.com/.well-known/security.txt,Contact: security@datocms.com Encryption: https://www.datocms.com/.well-known/DatoCMS_security_pub.asc Preferred-Languages: en Ca
devcycle.com,security@devcycle.com,5,direct,https://devcycle.com/.well-known/security.txt,/devcycle.com/.well-known/security.txt Canonical: https://devcycle.com/security.txt Contact: mailto:security@devcycle.com Expires: 2030-12-31T12:00:00Z Policy: https://github.com/DevCycleHQ/.github/bl
dodopayments.com,security@dodopayments.com,5,direct,https://dodopayments.com/.well-known/security.txt,Contact: mailto:security@dodopayments.com Contact: mailto:support@dodopayments.com Expires: 2027-06-28T00:57:30.263Z Preferred-Languages: en
dronedeploy.com,security@dronedeploy.com,5,direct,https://www.dronedeploy.com/security.txt,Contact: mailto:security@dronedeploy.com Expires: 2026-12-31T23:59:59.000Z Preferred-Languages: en Policy: https://trust.dronedeploy.com/res
dropcontact.com,security@dropcontact.com,5,direct,https://dropcontact.com/.well-known/security.txt,"# https://www.rfc-editor.org/rfc/rfc9116 Contact: https://hackerone.com/dropcontact Contact: mailto:security@dropcontact.com Expires: 2027-04-09T00:00:00.000Z Preferred-Languages: fr, en Policy: https"
dukascopy.com,security@dukascopy.com,5,direct,https://dukascopy.com/.well-known/security.txt,Contact: mailto:security@dukascopy.com Expires: 2026-08-31T19:00:00.000Z
elnora.ai,security@elnora.ai,5,direct,https://elnora.ai/.well-known/security.txt,Contact: mailto:security@elnora.ai Expires: 2026-12-28T00:00:00.000Z Preferred-Languages: en Canonical: https://elnora.ai/.well-known/
enigma.com,security@enigma.com,5,direct,https://enigma.com/.well-known/security.txt,Contact: mailto:security@enigma.com Expires: 2027-05-04T23:59:59.000Z Policy: https://www.enigma.com/legal/security Preferred-Languages
epcvip.com,security-reports@epcvip.com,5,direct,https://www.epcvip.com:443/.well-known/security.txt,Contact: security-reports@epcvip.com
eventship.com,security@eventship.com,5,direct,https://eventship.com/.well-known/security.txt,# Eventship Security Policy # https://eventship.com/.well-known/security.txt Contact: mailto:security@eventship.com Expires: 2026-12-31T23:59:00.000Z Preferred-Languages: en Canonical: https://eventsh
exa.ai,security@exa.ai,5,direct,https://exa.ai/security,"ivacy, disrupting systems, destroying data, or harming user experience.</li><li>Use <a href=""mailto:security@exa.ai?subject=%5BVDP%5D%20"" class=""page__Link-sc-e0fdd79d-7 hZhMBK"">security@exa.ai</a> fo"
expo.dev,vulnerability-disclosures@expo.dev,5,direct,https://expo.dev/.well-known/security.txt,Contact: mailto:vulnerability-disclosures@expo.dev Canonical: https://expo.dev/.well-known/security.txt Hiring: https://expo.dev/careers
ezekia.com,securityteam@ezekia.com,5,direct,https://ezekia.com/.well-known/security.txt,Contact: mailto:securityteam@ezekia.com Expires: 3000-07-07T09:32:00Z
facilio.com,security@facilio.com,5,direct,https://facilio.com/security/,"application. If you wish to report a security concern, please email to security@facilio.com. Facilio will address the security questions and issues with an expected response t"
fed10.ai,security@fed10.ai,5,direct,https://www.fed10.ai/security.txt,Contact: mailto:security@fed10.ai Expires: 2026-12-31T23:59:59.000Z Preferred-Languages: en Canonical: https://fed10.ai/security.txt
feedly.com,security@feedly.com,5,direct,https://feedly.com/.well-known/security.txt,Contact: mailto:security@feedly.com
firebird.ai,security@firebird.ai,5,direct,https://firebird.ai/privacy/,"ity vulnerabilities.</p> <p>Researchers should report vulnerabilities to: <a href=""mailto:security@firebird.ai"">security@firebird.ai</a></p> <p>Reports should include sufficient information to reprodu"
geekbot.com,security@geekbot.com,5,direct,https://geekbot.com/security/,"can help your organization?</h1></div><div class=""hero--cta""> <a class=""btn arrow-btn"" href=""mailto:security@geekbot.com""> <?xml version=""1.0"" encoding=""UTF-8""?> <svg width=""27px"" height=""24px"" viewBo"
geotab.com,security@geotab.com,5,direct,https://www.geotab.com/security/,"-direction-xs-row MuiGrid-grid-xs-12 MuiGrid-grid-md-auto css-19nyds2""><a tabindex=""0"" href=""mailto:security@geotab.com"" target=""_self"" class=""css-1c3za5z"" data-testid=""ButtonId"">Contact a Geotab Secu"
getpalm.com,security@getpalm.com,5,direct,https://www.getpalm.com:443/security,"on artifacts, and the latest compliance reports, request access by emailing<!-- --> <a href=""mailto:security@getpalm.com"" class=""text-base laptop:text-large desktop:text-heading4 font-medium text-whit"
gocardless.com,vuln-disc@gocardless.com,5,direct,https://gocardless.com/.well-known/security.txt,"s via the contact method(s) below, only after reading our vulnerability disclosure policy. Contact: vuln-disc@gocardless.com Policy: https://gocardless.com/faq/merchants/security/ Hiring: https://goca"
goflink.com,it-security@goflink.com,5,direct,https://goflink.com/.well-known/security.txt,"Contact: mailto:it-security@goflink.com Expires: 2027-06-01 Preferred-Languages: en, de Canonical: https://www.goflink.com/.well-known/secu"
gotobeat.com,security@gotobeat.com,5,direct,https://gotobeat.com/.well-known/security.txt,Contact: mailto:security@gotobeat.com Expires: 2027-06-03T00:00:00.000Z Preferred-Languages: en Canonical: https://gotobeat.com/.well-kno
hadrian.io,security@hadrian.io,5,direct,https://hadrian.io/.well-known/security.txt,Contact: mailto:security@hadrian.io Encryption: https://files.hadrian.io/hubfs/Website/hadrian-security.asc Policy: https://hadrian.io/
harness.io,security@harness.io,5,direct,https://www.harness.io/security,"k-engagement-tracking=""true"" data-wf-element-id=""4b74cc11-0608-fbf3-d389-ba8853e8a17d"" href=""mailto:security@harness.io?subject=Report%20a%20security%20bug"" class=""text-link layout_flex-horizontal w-i"
heygen.com,security@heygen.com,5,direct,https://www.heygen.com/.well-known/security.txt,Contact: mailto:security@heygen.com Expires: 2026-12-31T08:00:00Z Hiring: https://heygen.com/careers Preferred-Languages: en
higgsfield.ai,security@higgsfield.ai,5,direct,https://higgsfield.ai/.well-known/security.txt,Contact: mailto:security@higgsfield.ai Encryption: https://higgsfield.ai/.well-known/pgp-key.txt Preferred-Languages: en Policy: https://h
highspot.com,security@highspot.com,5,direct,https://www.highspot.com/security/,"us in good faith.</p> <p class=""wp-block-paragraph"">We accept vulnerability reports via&nbsp;<b>security@highspot.com</b>. Reports may be submitted anonymously.</p> </div> </div>"
holidu.com,security@holidu.com,5,direct,https://holidu.com/.well-known/security.txt,Contact: mailto:security@holidu.com Expires: 2026-12-31T23:00:00.000Z Preferred-Languages: en Policy: We operate an invite-only bug bou
hubspot.com,security-notifications@hubspot.com,5,direct,https://www.hubspot.com/hubfs/.well-known/security.txt,-----BEGIN PGP SIGNED MESSAGE----- Hash: SHA512 Contact: mailto:security-notifications@hubspot.com Expires: 2034-06-01:00:00.000Z Encryption: https://keys.openpgp.org/vks/v1/by-fingerprint/3B7FE450
hubstaff.com,security@hubstaff.com,5,direct,https://hubstaff.com/.well-known/security.txt,Contact: mailto:security@hubstaff.com Expires: 2029-02-22T22:22:00Z Hiring: https://hubstaff.com/jobs Policy: https://hubstaff.com/bug-bo
humaans.io,security@humaans.io,5,direct,https://humaans.io/security,"nerability in Humaans product or have a security incident to report, please contact <a href=""mailto:security@humaans.io"">security@humaans.io</a>. By providing a submission, you agree that you may not "
hundredx.com,security@hundredx.com,5,direct,https://hundredx.com/.well-known/security.txt,Canonical: https://hundredx.com/.well-known/security.txt Contact: mailto:security@hundredx.com Expires: 2027-06-20T00:00:00Z Preferred-Languages: en
incident.io,security@incident.io,5,direct,https://incident.io/.well-known/security.txt,Contact: mailto:security@incident.io Policy: https://incident.io/legal/vulnerability-disclosure Expires: 2026-07-15T12:00:00Z
infakt.pl,bugbounty@infakt.pl,5,direct,https://www.infakt.pl/.well-known/security.txt,Canonical: https://www.infakt.pl/.well-known/security.txt Contact: mailto:bugbounty@infakt.pl Contact: tel:+48223071918 Encryption: https://www.infakt.pl/.well-known/bugbounty.asc Expires: 2099
inflection.io,security@inflection.io,5,direct,https://www.inflection.io/legal/privacy-policy,"ons.</p></li></ul><p>To request to exercise any of these rights, please email us at <a href=""mailto:security@inflection.io"">security@inflection.io</a> . As mentioned above, we will respond to your req"
ingenious.build,security@ingenious.build,5,direct,https://www.ingenious.build/,"ivity history, and centralized project data management. For further questions email <a href=""mailto:security@ingenious.build?subject=INGENIOUS.BUILD%20SOC2%20Compliance"">security@ingenious.build</a>.<"
instrumentl.com,security@instrumentl.com,5,direct,https://www.instrumentl.com/.well-known/security.txt,"# If you would like to report a security issue, # please contact us by email Contact: security@instrumentl.com"
intercom.com,security@intercom.com,5,direct,https://www.intercom.com/.well-known/security.txt,"w, only after reading the disclosure policy. Contact: https://bugcrowd.com/intercom Contact: mailto:security@intercom.com Preferred-Languages: en Canonical: https://app.intercom.com/.well-known/securi"
jasper.ai,security@jasper.ai,5,direct,https://www.jasper.ai/security,"tactPoint"": { ""@type"": ""ContactPoint"", ""contactType"": ""Security"", ""email"": ""security@jasper.ai"" } } }, ""mainEntity"": { ""@type"": ""FAQPage"", ""mainEntity"": [ { """
karbonhq.com,security@karbonhq.com,5,direct,https://karbonhq.com/.well-known/security.txt,# If you would like to report a security issue please use the details below: Contact: mailto:security@karbonhq.com Expires: 2026-09-12T23:00:00.000Z Preferred-Languages: en Policy: https://karbonhq.co
kashable.com,security@kashable.com,5,direct,https://kashable.com/security.html,"acts"">To submit a vulnerability, please send your report to <a href=""mailTo:security@kashable.com"">security@kashable.com</a> including: </div> <div class=""bounty-pro"
keboola.com,security@keboola.com,5,direct,https://www.keboola.com/.well-known/security.txt,curity.txt # # We welcome reports from the security-research community. # Report vulnerabilities to security@keboola.com — see our policy below. Contact: mailto:security@keboola.com Policy: https://bu
kixie.com,security@kixie.com,5,direct,https://www.kixie.com/privacy-policy/,"f your Registration Information, you agree to notify Kixie immediately at the email address &#8211; security@kixie.com.</p> <h3 class=""wp-block-heading"">7. Your Use of the Service</h3> <p class=""wp-bl"
klaviyo.com,abuse@klaviyo.com,5,direct,https://www.klaviyo.com/contact-us,iyo.com/security/bug-reporting&lt;/a&gt;&lt;/li&gt;&lt;li&gt;Report abuse: &lt;a href=\&quot;mailto:abuse@klaviyo.com\&quot;&gt;abuse@klaviyo.com&lt;/a&gt;&lt;/li&gt;&lt;li&gt;Request access to our th
lawvu.com,security@lawvu.com,5,direct,https://lawvu.com/.well-known/security.txt,Contact: mailto:security@lawvu.com Expires: 2027-01-01T00:00:00.000Z
leadfeeder.com,security@leadfeeder.com,5,direct,https://www.leadfeeder.com/security/,"imary-signal-green hover:brightness-90 transition-colors duration-200 w-full md:w-fit"" href=""mailto:security@leadfeeder.com?ref=leadfeeder""> Contact our security team </a> </div> <div class=""flex flex"
leadmagic.io,security@leadmagic.io,5,direct,https://leadmagic.io/.well-known/security.txt,or reporting responsibly. # Policy and scope: https://leadmagic.io/company/security Contact: mailto:security@leadmagic.io Contact: https://leadmagic.io/company/contact Expires: 2027-01-01T00:00:00.000
linear.app,security@linear.app,5,direct,https://linear.app/.well-known/security.txt,Contact: mailto:security@linear.app Expires: 2026-12-31T08:00:00.000Z Policy: https://linear.app/security/vulnerability
lockchain.ai,security@lockchain.ai,5,direct,https://lockchain.ai/security.txt,Contact: mailto:security@lockchain.ai Expires: 2025-04-01T04:00:00.000Z Encryption: https://lockchain.ai/pgp-key.txt Preferred-Languages:
lovable.dev,abuse@lovable.dev,5,direct,https://lovable.dev/abuse,"s keep Lovable safe by reporting any abuse or policy violations. Please email us at <a href=""mailto:abuse@lovable.dev"" class=""hover:text-primary underline transition-colors"">abuse@lovable.dev</a> to r"
ludusengine.com,security@ludusengine.com,5,direct,https://ludusengine.com/.well-known/security.txt,"Canonical: https://app.ludusengine.com/.well-known/security.txt Contact: mailto:security@ludusengine.com Expires: 2026-12-31T11:01:00Z Preferred-Languages: en,pl"
luma.com,security@luma.com,5,direct,https://luma.com/.well-known/security.txt,Contact: mailto:security@luma.com Policy: https://help.luma.com/p/security-bug-bounty Preferred-Languages: en Canonical: https://luma
mapbox.com,security@mapbox.com,5,direct,https://www.mapbox.com/platform/security,"of your account, your data, and your users.</p></div><div class=""link-group_layout""><a href=""mailto:security@mapbox.com"" class=""button w-inline-block""><div>Contact security team</div></a><a href=""http"
me.sh,security@me.sh,5,direct,https://library.me.sh/knowledge-base/security-and-privacy/,"bility in several different ways:</p> <ul class=""wp-block-list""> <li>Email us at <a href=""mailto:security@me.sh"">security@me.sh</a></li> <li>Submit a vulnerability to us using our <a href=""https://hac"
megaport.com,vulnerability.disclosure@megaport.com,5,direct,https://www.megaport.com/.well-known/security.txt,Contact: mailto:vulnerability.disclosure@megaport.com Expires: 2026-03-31T13:59:00.000Z Encryption: https://www.megaport.com/.well-known/security.pgp Pre
meisterlabs.com,security@meisterlabs.com,5,direct,https://meisterlabs.com/.well-known/security.txt,Canonical: https://meisterlabs.com/.well-known/security.txt Contact: mailto:security@meisterlabs.com Encryption: https://keys.openpgp.org/vks/v1/by-fingerprint/674445895C16DD7B66872784840E3D53AEA4E974
mercadolibre.com,bugbounty@mercadolibre.com,5,direct,https://mercadolibre.com/security.txt,Contact: mailto:bugbounty@mercadolibre.com Policy: https://hackerone.com/mercadolibre Acknowledgments: https://hackerone.com/mercadolibre Pre
mercury.com,security@mercury.com,5,direct,https://mercury.com/security,"ake pride in them. If you need our SOC 2 report for your own compliance records, reach out to us at security@mercury.com and we’d be glad to help.\""]}]]}]]}]]}]]\n""])</script><script>self.__next_f.pus"
miro.com,security@miro.com,5,direct,https://trust.miro.com/,"w Miro Trust center's compliance certifications, resources and subprocessors with Wolfia."",""email"":""security@miro.com""}</script><script>(function(){function swap(l){if(!l.href||l.dataset.cssSwap===""do"
mittwald.de,abuse@mittwald.de,5,direct,https://www.mittwald.de/.well-known/security.txt,"g== =a2Co -----END PGP PUBLIC KEY BLOCK----- # All Abuse reports should be submitted to Contact: abuse@mittwald.de Expires: 2027-05-09T00:00.000Z Preferred-Languages: de, en"
mixmax.com,security@mixmax.com,5,direct,https://www.mixmax.com/legal/security,"lass=""accordion-content ""> <p>Please send all issues to <a href=""mailto:security@mixmax.com"" rel=""noopener"">security@mixmax.com</a>.<br><br><br>We run a bug bounty program, all details can be"
mixpanel.com,bugbounty@mixpanel.com,5,direct,https://mixpanel.com/.well-known/security.txt,Contact: https://hackerone.com/mixpanel Contact: mailto:bugbounty@mixpanel.com Contact: mailto:security@mixpanel.com Expires: 2027-05-18T23:59:59.000Z Acknowledgments: https://ha
narrative.io,security@narrative.io,5,direct,https://www.narrative.io/legals/security,"xt""><h2>Let&#x27;s Keep Each Other &amp; Data Safe</h2><p><strong>CONTACT: </strong><a href=""mailto:security@narrative.io""><strong>security@narrative.io</strong></a></p><p>At Narrative, we believe sec"
netradyne.com,infosec@netradyne.com,5,direct,https://www.netradyne.com/legal/security,"h-text-component"" id="""" STYLE=""""><div class=""rich-text w-richtext""><p>Contact us at <a href=""mailto:infosec@netradyne.com"" data-wf-native-id-path=""063cbe4e-f2df-6230-1c0d-cd8513963233"" data-wf-ao-clic"
omnidim.io,security@omnidim.io,5,direct,https://omnidim.io/.well-known/security.txt,Contact: mailto:security@omnidim.io Expires: 2027-05-20T00:00:00.000Z Preferred-Languages: en Canonical: https://omnidim.io/.well-known
onlyoffice.com,security@onlyoffice.com,5,direct,https://onlyoffice.com/.well-known/security.txt,-----BEGIN PGP SIGNED MESSAGE----- Hash: SHA512 # Contact us Contact: mailto:security@onlyoffice.com # This file is valid until: Expires: 2027-04-15T21:00:00.000Z # Our public PGP key for secure com
ontraport.com,security@ontraport.com,5,direct,https://ontraport.com/legal,"a security vulnerability or other issue in Ontraport, please report it by emailing <a href=""mailto:security@ontraport.com"" target=""_blank"" title=""Link: mailto:security@ontraport.com"" data-file_name="""""
outlit.ai,security@outlit.ai,5,direct,https://www.outlit.ai/.well-known/security.txt,Contact: mailto:security@outlit.ai Contact: mailto:leo@outlit.ai Policy: https://www.outlit.ai/terms Canonical: https://www.outlit.ai/
pagos.ai,security@pagos.ai,5,direct,https://pagos.ai/security,"text-color:var(--token-02887525-54a8-4574-82c9-2c0f33e61307, rgb(0, 187, 255))"" class=""framer-text"">security@pagos.ai</span></p></div></div></div></div></div><div class=""framer-1ebren5"" data-framer-na"
parkable.com,security@parkable.com,5,direct,https://parkable.com/security,"s, comments or concerns or if you wish to report a potential security issue, please contact <strong>security@parkable.com</strong>.</p><p></p><p></p></div></div></div></div><div class=""Footer_footer_c"
people.ai,security@people.ai,5,direct,https://www.backstory.ai/privacy,"{ ""@type"": ""ContactPoint"", ""contactType"": ""Security"", ""email"": ""security@people.ai"" } ], ""address"": { ""@type"": ""PostalAddress"", ""addressCountry"":"
pipe17.com,security@pipe17.com,5,direct,https://pipe17.com/.well-known/security.txt,# Pipe17 Security Contact File # Learn more: https://securitytxt.org Contact: mailto:security@pipe17.com Expires: 2026-06-11T23:59:59Z Preferred-Languages: en Canonical: https://pipe17.com/.well-known
placester.com,security@placester.com,5,direct,https://placester.com/security,"e you noticed abuse, misuse, an exploit, or experienced an incident with your account? Please email security@placester.com</p> </div> </div> </div> </div></div> </div></div> <footer class=""wp-block-te"
plaud.ai,security@plaud.ai,5,direct,https://security.plaud.ai/.well-known/security.txt,-----BEGIN PGP SIGNED MESSAGE----- Hash: SHA256 Contact: mailto:security@plaud.ai Encryption: https://security.plaud.ai/.well-known/pgp-key.asc Canonical: https://security.plaud.ai/
polytomic.com,security@polytomic.com,5,direct,https://www.polytomic.com/vulnerability-disclosure,"discovered a potential vulnerability, please let us know by emailing us at<!-- --> <a href=""mailto:security@polytomic.com"" class=""text-indigo-600 hover:text-indigo-700 underline"">security@polytomic.co"
postman.com,security@postman.com,5,direct,https://www.postman.com/.well-known/security.txt,Contact: https://hackerone.com/postman Contact: mailto:security@postman.com Expires: 2026-12-31T23:59:00.000Z Preferred-Languages: en Canonical: https://www.postman.com/.well-
prismatic.io,security@prismatic.io,5,direct,https://prismatic.io/.well-known/security.txt,# Prismatic security contact (RFC 9116) Contact: mailto:security@prismatic.io Contact: https://prismatic.io/legal/security/ Encryption: https://prismatic.io/legal/pgp/ Policy: h
propper.ai,security@propper.ai,5,direct,https://propper.ai/.well-known/security.txt,Policy: https://propper.ai/security-policy Contact: mailto:security@propper.ai Preferred-Languages: en Expires: 2026-12-31T23:59:59z
public.com,security@public.com,5,direct,https://public.com/security.txt,Contact: mailto:security@public.com We run our bounty program through the HackerOne platform (https://hackerone.com/). If you'd like t
questionpro.com,vulnerability@questionpro.com,5,direct,https://www.questionpro.com/.well-known/security.txt,Contact: mailto:vulnerability@questionpro.com Expires: 2027-01-01T10:29:00Z
rallyuxr.com,bugbounty@rallyuxr.com,5,direct,https://www.rallyuxr.com/security,"am with. If you would like to participate in the bug bounty program, please contact <a href=""mailto:bugbounty@rallyuxr.com"" class=""text-link"">bugbounty@rallyuxr.com</a> for an invitation.</p></div></d"
ramp.com,security-external@ramp.com,5,direct,https://ramp.com/.well-known/security.txt,"Contact: mailto:security-external@ramp.com Expires: 2027-03-18T19:00:00.000Z Preferred-Languages: en, es Hiring: https://ramp.com/careers"
razorpay.com,disclosures@razorpay.com,5,direct,https://razorpay.com/responsible-disclosure/,Contact: mailto:disclosures@razorpay.com Expires: 2022-12-31T18:29:00.000Z Acknowledgments: https://razorpay.com/hall-of-fame/ Preferred-Lan
referralcandy.com,security@referralcandy.com,5,direct,https://www.referralcandy.com/privacy,ailed information on our data security practices please reach out to our dedicated security team at security@referralcandy.com.</p><h2>How to contact us</h2><p>If you have any questions regarding this
relay.app,security@relay.app,5,direct,https://www.relay.app/security,"$--><a class=""framer-text framer-styles-preset-12i9i8v"" data-styles-preset=""BnkowpUEK"" href=""mailto:security@relay.app"" target=""_blank"" rel=""noopener"">security@relay.app</a><!--/$-->.</p></div></div><"
remote.com,security@remote.com,5,direct,https://remote.com/abuse,"se send an email to\""},{\""text\"":\"" \""},{\""type\"":\""a\"",\""uid\"":\""nz8\"",\""attrs\"":{\""url\"":\""mailto:security@remote.com\""},\""children\"":[{\""text\"":\""security@remote.com\""}]}]}],\""_version\"":6},\""image"
rocketlane.com,security@rocketlane.com,5,direct,https://www.rocketlane.com/responsible-disclosure,"How to report</h4><p class=""body-long-02-2"">All vulnerabilities must be reported to <a href=""mailto:security@rocketlane.com"" class=""span-link"">security@rocketlane.com</a> with the following details:<b"
rolli.ai,security@rolli.ai,5,direct,https://rolli.ai/terms,"y third party not authorized under your subscription plan. You agree to notify Rolli immediately at security@rolli.ai of any unauthorized use of or access to your account.\""}],[\""$\"",\""p\"",\""2\"",{\""st"
rootly.com,security@rootly.com,5,direct,https://rootly.com/.well-known/security.txt,Contact: mailto:security@rootly.com Expires: 2026-09-01T00:00:00.000Z Preferred-Languages: en Policy: https://rootly.com/legal/vulnerab
rowzero.com,security@rowzero.com,5,direct,https://rowzero.com/security,"enterprise tiers.</p><p>For any questions regarding our security practices, please send an email to security@rowzero.com or <a href=""https://rowzero.com/contact"" target=""_blank"" rel=""noopener noreferr"
runway.team,security@runway.team,5,direct,https://www.runway.team/security,">Scroll down for some additional security highlights, and feel free to reach out to <a href=""mailto:security@runway.team"">security@runway.team</a> with any questions.</div><div class=""page-info-block "
rye.com,security@rye.com,5,direct,https://rye.com/.well-known/security.txt,Contact: security@rye.com Encryption: https://rye.com/pgp-key.txt Hiring: https://jobs.ashbyhq.com/rye
safetyculture.com,security@safetyculture.com,5,direct,https://safetyculture.com/.well-known/security.txt,-----BEGIN PGP SIGNED MESSAGE----- Hash: SHA512 Contact: mailto:security@safetyculture.com Preferred-Languages: en Encryption: https://safetyculture.com/pgp-safetyculture-security-public.asc
saleshandy.com,security@saleshandy.com,5,direct,https://saleshandy.com/vulnerability-disclosure,"If you are unsure whether your testing approach is acceptable, contact us at </span><a href=""mailto:security@saleshandy.com"" class=""text-primary underline underline-offset-2 hover:text-primary-hover"">"
salesmanago.com,security-team@salesmanago.com,5,direct,https://www.salesmanago.com/security.txt,"# Have you observed security problems? Report it to us! Contact: mailto: security-team@salesmanago.com Expires: 2027-01-01T11:00:00.000Z Preferred-Languages: EN-US, PL-PL"
sanity.io,security@sanity.io,5,direct,https://www.sanity.io/.well-known/security.txt,"I Canonical: https://www.sanity.io/.well-known/security.txt # Our security address Contact: mailto:security@sanity.io # Prefered language Preferred-Languages: en,no # Our security policy Policy: https"
scriptsave.com,security-reporting@scriptsave.com,5,direct,https://www.scriptsave.com/privacy/,"cgi/l/email-protection#5a293f392f28332e2377283f2a35282e33343d1a293928332a2e293b2c3f74393537"" title=""security-reporting@scriptsave.com"" type=""external""><span class=""__cf_email__"" data-cfemail=""7a091f19"
searchatlas.com,security@searchatlas.com,5,direct,https://searchatlas.com/.well-known/security.txt,Contact: mailto:security@searchatlas.com Expires: 2030-01-01T19:51:00Z
seqera.io,security@seqera.io,5,direct,https://seqera.io/.well-known/security.txt,Contact: mailto:security@seqera.io Encryption: https://seqera.io/.well-known/security-team-publickey.txt Preferred-Languages: en Expir
shortcut.com,security@shortcut.com,5,direct,https://www.shortcut.com/security,"nce with the controls we’ve implemented. For a copy of our SOC2 report please email <a href=""mailto:security@shortcut.com"">security@shortcut.com</a>. </p><h2>HIPAA Compliance</h2><p>Shortcut supports "
skilljar.com,sec_reporting@skilljar.com,5,direct,https://www.skilljar.com/security,"Notification</h2><p>For issues found with Skilljar products, send these concerns to <a href=""mailto:sec_reporting@skilljar.com"">sec_reporting@skilljar.com</a>.</p><h2>Non-Skilljar Issues</h2><p>Any is"
socialinsider.io,security@socialinsider.io,5,direct,https://www.socialinsider.io/vulnerability-disclosure,"sclosure policy (if any).<br> If you aren’t sure whether a system is in scope or not, contact us at security@socialinsider.io before starting your research </p><p></p><!----><p class=""text-lg text-und"
socket.dev,security@socket.dev,5,direct,https://socket.dev/.well-known/security.txt,Expires: 2030-01-31T17:00:00.000Z Contact: mailto:security@socket.dev Preferred-Languages: en Canonical: https://socket.dev/.well-known/security.txt Policy: https://sock
sparktoro.com,security@sparktoro.com,5,direct,https://sparktoro.com/policies/privacy,"ould take to protect yourself</li> <li>Contact information for questions: <a href=""mailto:security@sparktoro.com"">security@sparktoro.com</a></li> </ul> <p><span class=""bold"">When We Notify:</span"
spekit.co,security@spekit.co,5,direct,https://www.spekit.com/legal/privacy-policy,"d. If you have any questions about the security of your data, you can contact us at <a href=""mailto:security@spekit.co"">security@spekit.com</a>.<br/></p><p><strong>Use by Minors.</strong> We do not di"
sproutsocial.com,security@sproutsocial.com,5,direct,https://sproutsocial.com/legal/,"fy Sprout Social via email to "",""marks"":[],""data"":{}},{""nodeType"":""hyperlink"",""data"":{""uri"":""mailto:security@sproutsocial.com""},""content"":[{""nodeType"":""text"",""value"":""security@sproutsocial.com"",""marks"
stackby.com,security@stackby.com,5,direct,https://stackby.com/security,"nsrpbhaglqkhkfegvoaidiolpqcgrthx""><a class=""brz-a brz-btn brz-css-zOcje brz-css-k8BEF"" href=""mailto:security@stackby.com"" target=""_blank"" rel=""noopener"" data-brz-link-type=""external"" data-brz-custom-i"
standardmetrics.io,security@standardmetrics.io,5,direct,https://standardmetrics.io/privacy-policy/,"nd choices, or request access to your Information, by modifying your profile or by contacting us at security@standardmetrics.io or following instructions provided in communications sent to you. Please"
streamkap.com,security@streamkap.com,5,direct,https://streamkap.com/terms,party to the other will be deemed to be properly given if given in writing and delivered via email security@streamkap.com. <br> <br>10.5 Non-waiver. Any failure of either party to insist upon or enfor
sumup.com,bugbounty@sumup.com,5,direct,https://sumup.com/.well-known/security.txt,-----BEGIN PGP SIGNED MESSAGE----- Hash: SHA256 Contact: mailto:bugbounty@sumup.com Expires: 2035-07-16T16:00:00.000Z Encryption: https://www.sumup.com/pub-key.pgp Preferred-Languages
superglue.ai,security@superglue.ai,5,direct,https://superglue.ai/trust,"<div class=""hero-cta-wrap""> <a href=""mailto:security@superglue.ai"" class=""cta cta-auto-width cta-hero w-inline-block"" style=""border:1px solid #000000; background-col"
supermetrics.com,security@supermetrics.com,5,direct,https://supermetrics.com/.well-known/security.txt,Contact: mailto:security@supermetrics.com Expires: 2027-01-31T00:00:00.000Z
supernova.ai,security@supernova.ai,5,direct,https://supernova.ai/docs/security,"ges.</p> <h3>SOC 2</h3> <p>Supernova is SOC 2 Type 2 certified. You can reach us at <a href=""mailto:security@supernova.ai"">security@supernova.ai</a> to request our most recent SOC 2 Type 2 report.</p>"
tailorhq.ai,security@tailorhq.ai,5,direct,https://tailorhq.ai/.well-known/security.txt,Contact: mailto:security@tailorhq.ai Expires: 2027-04-23T00:00:00.000Z Preferred-Languages: en Canonical: https://tailorhq.ai/.well-know
talproindia.com,abuse@talproindia.com,5,direct,https://talproindia.com/.well-known/security.txt,Contact: mailto:security@talproindia.com Contact: mailto:abuse@talproindia.com Expires: 2027-05-26T00:00:00.000Z Preferred-Languages: en Canonical: https://talproindia.com/.well-
targetboard.ai,security@targetboard.ai,5,direct,https://targetboard.ai/security,"f you have a security concern or suspect a potential vulnerability, please report it to the team at security@targetboard.ai."" } } ] } } </script><style>.anti-flicker, .anti-flicker * {visibility: hidd"
texau.com,security@texau.com,5,direct,https://www.texau.com/trust-center,"have a vulnerability disclosure policy?"",""acceptedAnswer"":{""@type"":""Answer"",""text"":""Yes. Submit to security@texau.com with details and a proof-of-concept where applicable. We acknowledge within 2 busi"
textexpander.com,security@textexpander.com,5,direct,https://textexpander.com/security,"ss=""row""> <div class=""col-12 text-center""> <p>Have an ethical vulnerability report? <a href=""security@textexpander.com"">Let us know</a>.</p> </div> </div> </div> </section> <style> .wide-card { } @med"
thisandthat.chat,security@thisandthat.chat,5,direct,https://www.thisandthat.chat/security,"ty and privacy questions directly. Email us. A real person reads every message.</p> <a href=""mailto:security@thisandthat.chat"" class=""se-cta-btn"" data-astro-cid-rpovodi2>Email security@thisandthat.cha"
thredcloud.com,security@thredcloud.com,5,direct,https://www.thredcloud.com/terms,"an></p> <p><span><strong>Email:</strong> </span><a href=""mailto:security@ThredCloudcloud.com""><span>security@thredcloud.com</span></a></p> <p><span>ThredCloud will investigate reports in good faith an"
tickadoo.com,security@tickadoo.com,5,direct,https://www.tickadoo.com/privacy,"believe your account or data has been compromised, please contact us immediately at <a href=""mailto:security@tickadoo.com"">security@tickadoo.com</a>.</p></div></section><section class=""mt-12 border-pa"
trunk.io,security@trunk.io,5,direct,https://trunk.io/security,"s-module__hWNi-a__footer""><div><p>If you find a vulnerability, please send an email <a href=""mailto:security@trunk.io"">security@trunk.io</a> to report it to our security team.</p> </div></div></div><d"
tryscott.ai,security@tryscott.ai,5,direct,https://www.tryscott.ai/.well-known/security.txt,ecurity contact for Scott (Juno Labs Inc.) # https://www.rfc-editor.org/rfc/rfc9116 Contact: mailto:security@tryscott.ai Expires: 2027-06-15T00:00:00.000Z Preferred-Languages: en Canonical: https://ww
upsun.com,security@upsun.com,5,direct,https://upsun.com/.well-known/security.txt,Contact: security@upsun.com Expires: 2099-12-31T00:00:00.000Z Policy: https://upsun.com/trust-center/security/responsible-discl
vacationtracker.io,security@vacationtracker.io,5,direct,https://vacationtracker.io/.well-known/security.txt,-----BEGIN PGP SIGNED MESSAGE----- Hash: SHA256 # Our security address Contact: mailto:security@vacationtracker.io # This document expires at: Expires: 2024-01-12T11:00:00.000Z # Our PGP key Encryptio
vanta.com,security@vanta.com,5,direct,https://vanta.com/.well-known/security.txt,Policy: https://www.vanta.com/disclosure Contact: mailto:security@vanta.com Expires: 2026-11-15T00:00:00.000Z Preferred-Languages: en
vector.co,security@vector.co,5,direct,https://www.vector.co/security,"lt="""" class=""faq-arrow""/></a><div class=""faq-content""><p class=""paragraph-2"">Please send request to security@vector.co.</p></div></div><div class=""faq-question-wraps last""><a href=""#"" class=""faq-quest"
veeam.com,security@veeam.com,5,direct,https://www.veeam.com/.well-known/security.txt,Contact: security@veeam.com Expires: 2025-01-01T06:00:00.000Z Acknowledgments: https://hackerone.com/veeam/thanks Preferred-Lan
vetster.com,security@vetster.com,5,direct,https://vetster.com/security.txt,Contact: mailto:security@vetster.com Contact: https://vetster.com/en-us/support Hiring: https://careers.vetster.com
voiceflow.com,security@voiceflow.com,5,direct,https://www.voiceflow.com/legal/security,"k-grey-8 max-w-508 _w-full-tablet"">If you discover a potential security vulnerability, please email security@voiceflow.com. Eligible submissions may qualify for our bug bounty program.<br/><br/>Voicef"
web.de,report@bugbounty.web.de,5,direct,https://web.de/.well-known/security.txt,"Contact: mailto:report@bugbounty.web.de Acknowledgments: https://bugbounty.web.de/halloffame-index.html Preferred-Languages: de, en Policy:"
whimsical.com,security@whimsical.com,5,direct,https://whimsical.com/terms/vulnerability-disclosure,"hunteruniversity/nonvuln"">common non-vulnerability</a>?<br/>Please send a report to <a href=""mailto:security@whimsical.com"">security@whimsical.com</a> <!-- -->with details like:</p><ul><li>A summary o"
writesonic.com,security@writesonic.com,5,direct,https://writesonic.com/security.txt,Contact: mailto:security@writesonic.com Expires: 2025-03-18T18:30:00.000Z Preferred-Languages: en Canonical: https://writesonic.com/securit
zite.com,security@zite.com,5,direct,https://www.zite.com/help/security,"-pointer"">How to report vulnerabilities</span></h2> <span data-as=""p"">You can email <a href=""mailto:security@zite.com"" target=""_blank"" rel=""noreferrer"" class=""link"">security@zite.com</a> with details "
zoominfo.com,security@zoominfo.com,5,direct,https://www.zoominfo.com/legal/security-overview,"omInfo, bugs, or any other security concern, please let us know by contacting us at <a href=""mailto:security@zoominfo.com"">security@zoominfo.com</a>, and thank you in advance!</p></div></div></main><f"
